{"eval/runtime":80.7049,"eval/rewards/accuracies":0.8394676446914673,"eval/logps/rejected":-211.92916870117188,"eval/rewards/margins":14.536653518676758,"eval/rewards/rejected":-11.986897468566895,"train_runtime":17734.9824,"train/logps/rejected":-221.1999969482422,"train/epoch":3,"_runtime":17730.615019092,"eval/steps_per_second":0.743,"train_loss":0.22741530490721545,"_wandb":{"runtime":17761},"train/rewards/margins":16.1875,"train/global_step":4545,"train_samples_per_second":4.098,"eval/logits/chosen":-8.492708206176758,"eval/logps/chosen":-365.1166687011719,"train/rewards/accuracies":0.987500011920929,"train/logits/chosen":-8.856249809265137,"eval/samples_per_second":11.808,"_step":463,"train/grad_norm":7.410425186157227,"eval/loss":0.4115230441093445,"train/rewards/chosen":1.2332031726837158,"train/loss":0.0466,"train/logits/rejected":-8.193750381469727,"train/learning_rate":1.000087018479775e-07,"train/logps/chosen":-228.9499969482422,"train_steps_per_second":0.256,"eval/logits/rejected":-8.613541603088379,"eval/rewards/chosen":2.5486531257629395,"_timestamp":1.7496793861439214e+09,"train/rewards/rejected":-14.956250190734863,"total_flos":0}