{"_step":617,"eval/logits/chosen":-11.800000190734863,"train/logps/chosen":-235.89999389648438,"train/loss":0.0758,"train/grad_norm":22.61663055419922,"train_samples_per_second":3.127,"train/rewards/chosen":-2.370312452316284,"eval/rewards/chosen":-1.431640625,"train/rewards/margins":25.837499618530273,"train/rewards/rejected":-28.225000381469727,"total_flos":0,"_runtime":23240.228862047,"_timestamp":1.7497091301147618e+09,"eval/rewards/accuracies":0.8581250309944153,"eval/samples_per_second":9.579,"train/logits/rejected":-11.487500190734863,"eval/logps/rejected":-395.0249938964844,"train_runtime":23240.9373,"eval/steps_per_second":0.804,"eval/loss":0.3665626645088196,"train_steps_per_second":0.261,"eval/rewards/margins":22.887989044189453,"eval/rewards/rejected":-24.316747665405273,"eval/runtime":99.491,"eval/logps/chosen":-391.9750061035156,"train/logits/chosen":-12.293749809265137,"eval/logits/rejected":-11.601953506469727,"train/epoch":3,"train/logps/rejected":-417.8999938964844,"train/learning_rate":1.0000688613695966e-07,"train_loss":0.21754421890815218,"train/global_step":6057,"train/rewards/accuracies":0.98333340883255,"_wandb":{"runtime":23303}}