{"train/rewards/margins":9.134374618530273,"train_samples_per_second":4.096,"train/rewards/rejected":-7.239062309265137,"eval/runtime":80.433,"train/learning_rate":4.0003480739191e-08,"eval/loss":0.37793681025505066,"train/global_step":4545,"train/rewards/accuracies":0.918749988079071,"train/logps/chosen":-226.10000610351562,"eval/logits/rejected":-7.695833206176758,"eval/rewards/rejected":-5.274251461029053,"train/epoch":3,"total_flos":0,"train_runtime":17745.5805,"eval/logps/rejected":-178.3333282470703,"train_steps_per_second":0.256,"train/logps/rejected":-182.64999389648438,"train_loss":0.3041541593434131,"_wandb":{"runtime":17742},"_runtime":17742.072768267,"_timestamp":1.7493350294974535e+09,"eval/rewards/margins":8.574902534484863,"eval/rewards/chosen":3.2966203689575195,"train/logits/chosen":-7.737500190734863,"train/logits/rejected":-7.243750095367432,"train/rewards/chosen":1.9044921398162842,"_step":463,"eval/samples_per_second":11.848,"eval/steps_per_second":0.746,"eval/logits/chosen":-7.4083333015441895,"train/loss":0.1585,"train/grad_norm":24.86382293701172,"eval/logps/chosen":-361.2583312988281,"eval/rewards/accuracies":0.8384259343147278}