{"eval/logps/chosen":-366.5843811035156,"eval/loss":0.5930575132369995,"eval/rewards/rejected":-3.409472703933716,"train/logits/rejected":-8.065625190734863,"train/logps/rejected":-132.85000610351562,"train/grad_norm":26.62924575805664,"eval/logps/rejected":-188.5812530517578,"train_steps_per_second":0.279,"train/rewards/chosen":-0.661425769329071,"train/logps/chosen":-84.05000305175781,"eval/rewards/chosen":-0.778216540813446,"eval/rewards/margins":2.6306564807891846,"_wandb":{"runtime":6036},"_step":175,"eval/rewards/accuracies":0.7733333706855774,"eval/logits/rejected":-7.988671779632568,"train/loss":0.2685,"train/rewards/rejected":-3.035937547683716,"train_loss":0.43022906466909067,"train/global_step":1674,"train/learning_rate":4.003162143030262e-08,"eval/steps_per_second":0.787,"eval/samples_per_second":9.371,"_timestamp":1.749751861626815e+09,"train_samples_per_second":3.346,"train/rewards/margins":2.3734374046325684,"train/rewards/accuracies":0.8833333253860474,"total_flos":0,"eval/runtime":101.7007,"train/logits/chosen":-8.59375,"eval/logits/chosen":-7.972265720367432,"_runtime":5993.681318047,"train/epoch":3,"train_runtime":5998.1315}