{"train_runtime":35573.2401,"train/loss":0.0242,"_timestamp":1.7498014513752823e+09,"eval/rewards/margins":22.101823806762695,"train/rewards/accuracies":0.9937499761581421,"train/grad_norm":3.3186309337615967,"train/logps/chosen":-256.17498779296875,"eval/rewards/chosen":-1.4788086414337158,"train_samples_per_second":2.043,"eval/logps/chosen":-392.95001220703125,"train/global_step":4542,"eval/samples_per_second":6.909,"train/logits/chosen":-12.762499809265137,"_wandb":{"runtime":35573},"total_flos":0,"train/rewards/chosen":-2.1167969703674316,"train/rewards/rejected":-30.831249237060547,"train/rewards/margins":28.7109375,"_step":463,"eval/logits/rejected":-12.095051765441895,"train/epoch":2.998349290194784,"eval/rewards/rejected":-23.565397262573242,"train/logps/rejected":-454.54998779296875,"eval/runtime":137.9352,"eval/logits/chosen":-12.2578125,"_runtime":35572.5105925,"eval/rewards/accuracies":0.8458333611488342,"train/learning_rate":1.0000217978008612e-07,"eval/steps_per_second":0.87,"eval/loss":0.4004700183868408,"train_loss":0.19384971481818872,"train/logits/rejected":-12.006250381469727,"eval/logps/rejected":-387.8208312988281,"train_steps_per_second":0.128}