{"eval/loss":0.7530443668365479,"eval/rewards/chosen":2.3127787113189697,"train/loss":0.4319,"train/grad_norm":58.831504821777344,"train/logits/rejected":-7.393750190734863,"train/global_step":1257,"eval/logps/rejected":-147.375,"train/rewards/chosen":-0.4094085693359375,"eval/samples_per_second":11.811,"train/logps/chosen":-118.94999694824219,"train/rewards/margins":1.022216796875,"_wandb":{"runtime":5161},"eval/steps_per_second":0.744,"train/epoch":3,"train_runtime":5125.2979,"total_flos":0,"train_loss":0.5357800679445835,"_runtime":5119.89255113,"eval/runtime":80.6872,"_timestamp":1.7495977325615797e+09,"eval/rewards/accuracies":0.6930555105209351,"train/rewards/accuracies":0.800000011920929,"train_steps_per_second":0.245,"train/rewards/rejected":-1.432031273841858,"train/logps/rejected":-136.5500030517578,"eval/logits/chosen":-6.7872395515441895,"train/logits/chosen":-7.359375,"eval/rewards/rejected":0.772875964641571,"eval/logps/chosen":-363.8500061035156,"_step":131,"train_samples_per_second":3.916,"train/learning_rate":4.008075433240644e-08,"eval/rewards/margins":1.5390543937683105,"eval/logits/rejected":-7.498437404632568}