{"train/global_step":1605,"train_runtime":10851.7786,"train_steps_per_second":0.148,"_step":1605,"train/rewards/chosen":3.77734375,"train/grad_norm":46.31850051879883,"train/loss":0.4808,"train_samples_per_second":2.368,"train/rewards/rejected":0.3701171875,"_runtime":10846.507005438,"train/logits/chosen":-6.140625,"train/rewards/margins":3.392578125,"_wandb":{"runtime":10859},"train/logps/chosen":-650.75,"train/learning_rate":1.123773937412424e-07,"train/rewards/accuracies":0.75,"_timestamp":1.7486969290805438e+09,"train/epoch":2.9953314659197012,"train/logps/rejected":-168.125,"train/logits/rejected":-6.328125,"train_loss":0.6328396723092159,"total_flos":0}