{"train/logits/chosen":-6.921875,"train/epoch":2.99601593625498,"_step":194,"eval/steps_per_second":0.64,"_runtime":16321.638002294,"train_loss":0.43607705606544733,"train/logits/rejected":-6.946875095367432,"train_runtime":16323.0759,"eval/logps/rejected":-154.12916564941406,"eval/rewards/accuracies":0.7885416746139526,"eval/rewards/chosen":3.2168517112731934,"eval/runtime":187.4033,"train/rewards/accuracies":0.875,"eval/rewards/margins":3.600451707839966,"train/rewards/margins":4.832812309265137,"train_steps_per_second":0.115,"train/rewards/chosen":4.049902439117432,"_wandb":{"runtime":16322},"train/grad_norm":33.00493240356445,"train/learning_rate":4.0002259468362186e-08,"eval/loss":0.4165184795856476,"total_flos":0,"eval/logits/rejected":-7.336979389190674,"train/global_step":1881,"train_samples_per_second":1.844,"train/rewards/rejected":-0.78955078125,"_timestamp":1.749049660920831e+09,"eval/logps/chosen":-362.2562561035156,"eval/samples_per_second":5.085,"train/loss":0.3034,"eval/logits/chosen":-6.757161617279053,"train/logps/rejected":-220.2624969482422,"eval/rewards/rejected":-0.3858174681663513,"train/logps/chosen":-378.6000061035156}