{"eval/logits/rejected":-12.208333015441895,"train/grad_norm":7.646919250488281,"train/logits/rejected":-11.59375,"eval/rewards/chosen":-4.214192867279053,"train_loss":0.20741401930567935,"train/logps/chosen":-348.67498779296875,"eval/loss":0.3690635859966278,"train/loss":0.0271,"train/rewards/chosen":-3.652539014816284,"eval/logps/rejected":-342.39166259765625,"_step":625,"eval/rewards/rejected":-29.63671875,"train/rewards/rejected":-28.784374237060547,"_wandb":{"runtime":19364},"train/rewards/margins":25.1171875,"train/learning_rate":1.0001063281243907e-07,"train_steps_per_second":0.319,"_runtime":19362.54819264,"total_flos":0,"train_samples_per_second":5.095,"train/logps/rejected":-425.20001220703125,"eval/rewards/accuracies":0.8708333373069763,"eval/samples_per_second":14.002,"train/logits/chosen":-11.981249809265137,"eval/rewards/margins":25.422590255737305,"eval/logits/chosen":-12.041666984558105,"train/global_step":6168,"eval/steps_per_second":1.763,"train/epoch":3,"eval/logps/chosen":-420.4166564941406,"train/rewards/accuracies":0.987500011920929,"_timestamp":1.7523857628805707e+09,"eval/runtime":68.0615,"train_runtime":19362.754}