{"_wandb":{"runtime":7634},"train/global_step":1377,"train/logits/chosen":-6.568749904632568,"_runtime":7633.95967362,"train_runtime":7637.6119,"train/epoch":3,"train_steps_per_second":0.18,"_step":143,"train_loss":0.13190365287549008,"train/logps/chosen":-614.7000122070312,"eval/logps/rejected":-180.33749389648438,"total_flos":0,"eval/rewards/chosen":3.9188475608825684,"train/logps/rejected":-264.45001220703125,"train/rewards/chosen":6.928124904632568,"train/rewards/accuracies":0.987500011920929,"train/rewards/rejected":-13.909375190734863,"train/loss":0.0243,"eval/logits/rejected":-7.154687404632568,"eval/logps/chosen":-358.0833435058594,"eval/loss":0.149507537484169,"eval/rewards/accuracies":0.9525462985038757,"eval/rewards/rejected":-5.666011333465576,"eval/logits/chosen":-6.823958396911621,"eval/runtime":98.9684,"train/learning_rate":4.0067307605119655e-08,"train/grad_norm":0.1520111858844757,"train/rewards/margins":20.84375,"eval/rewards/margins":9.590234756469727,"eval/samples_per_second":9.629,"train/logits/rejected":-6.146874904632568,"eval/steps_per_second":0.606,"_timestamp":1.7494120353536136e+09,"train_samples_per_second":2.882}