{"eval/logits/chosen":-5.691601753234863,"eval/steps_per_second":0.797,"eval/rewards/margins":3.0705323219299316,"eval/rewards/accuracies":0.9839584231376648,"eval/samples_per_second":9.492,"total_flos":0,"train/global_step":1224,"eval/logps/rejected":-159.96249389648438,"train/rewards/rejected":-2.1302733421325684,"_timestamp":1.7497437377149458e+09,"train_loss":0.3449278676918909,"train/rewards/chosen":3.8265624046325684,"eval/runtime":100.3967,"train/rewards/accuracies":0.9333332777023315,"eval/logps/chosen":-355.10626220703125,"train/grad_norm":8.523157119750977,"eval/logits/rejected":-6.079882621765137,"train_runtime":5795.0196,"_wandb":{"runtime":5857},"_step":130,"train/logps/rejected":-204.5,"train_steps_per_second":0.211,"train/logps/chosen":-582.9500122070312,"train/learning_rate":1.0014725221727733e-08,"train/logits/rejected":-5.643750190734863,"train/epoch":3,"_runtime":5795.925489356,"eval/rewards/chosen":2.271533250808716,"train/rewards/margins":5.940625190734863,"eval/rewards/rejected":-0.799084484577179,"eval/loss":0.20995654165744781,"train/logits/chosen":-5.387499809265137,"train/loss":0.1862,"train_samples_per_second":2.531}