{"train/loss": 0.394, "train/grad_norm": 48.544830322265625, "train/rewards/accuracies": 0.8416666984558105, "train/rewards/margins": 1.6925780773162842, "train/logps/chosen": -125, "train/epoch": 3, "train/rewards/chosen": -1.975000023841858, "train/rewards/rejected": -3.667187452316284, "train/logps/rejected": -166.9499969482422, "train/logits/rejected": -9.425000190734863, "_step": 175, "train/learning_rate": 1.0007905357575655e-07, "train/logits/chosen": -9.581250190734863, "train/global_step": 1674, "_timestamp": 1749762917.0791135, "_runtime": 6683.827057948, "eval/runtime": 101.6224, "eval/rewards/chosen": -0.02051086351275444, "eval/logps/chosen": -378.12188720703125, "eval/logps/rejected": -172.14999389648438, "eval/logits/chosen": -8.997265815734863, "eval/samples_per_second": 9.378, "eval/steps_per_second": 0.787, "eval/rewards/accuracies": 0.7316666841506958, "eval/loss": 0.8833925724029541, "eval/rewards/rejected": -1.8833496570587158, "eval/rewards/margins": 1.8634231090545654, "eval/logits/rejected": -9.252734184265137, "train_runtime": 6682.712, "train_samples_per_second": 3.003, "train_steps_per_second": 0.25, "total_flos": 0.0, "train_loss": 0.4610461211688772}