{"eval/logits/rejected":-7.148958206176758,"train_loss":0.5135830362452154,"_timestamp":1.7487921567285569e+09,"train/epoch":2.9953314659197012,"train/rewards/accuracies":0.875,"train/logps/chosen":-642,"eval/rewards/accuracies":0.7739583253860474,"train/logits/rejected":-6.359375,"eval/logps/chosen":-370.23541259765625,"eval/runtime":137.3682,"train/loss":0.3431,"train/logits/chosen":-6.40625,"_runtime":11452.759797489,"train/rewards/chosen":5.353515625,"train/rewards/rejected":-0.55908203125,"eval/logps/rejected":-161.57708740234375,"train/learning_rate":3.0000581882975355e-08,"eval/logits/chosen":-6.5235676765441895,"eval/loss":0.4577808082103729,"eval/steps_per_second":0.874,"total_flos":0,"eval/rewards/margins":2.604269504547119,"eval/rewards/rejected":0.2024228423833847,"train_steps_per_second":0.14,"eval/samples_per_second":6.938,"eval/rewards/chosen":2.8081319332122803,"train_samples_per_second":2.243,"train/global_step":1605,"train/logps/rejected":-173,"_step":1611,"train/rewards/margins":5.9453125,"_wandb":{"runtime":11453},"train_runtime":11453.8211,"train/grad_norm":40.00971221923828}