{"train/rewards/accuracies":0.8999999761581421,"eval/loss":0.3663172423839569,"train/logps/rejected":-296.70001220703125,"eval/rewards/chosen":0.9270263910293579,"train_runtime":23298.2336,"train_samples_per_second":3.12,"train/loss":0.1748,"eval/rewards/rejected":-13.951306343078613,"train/rewards/rejected":-16.018749237060547,"train/learning_rate":4.000275445478386e-08,"eval/logps/rejected":-291.70623779296875,"eval/logits/chosen":-9.255078315734863,"eval/rewards/margins":14.879470825195312,"train/logits/chosen":-9.556249618530273,"total_flos":0,"eval/steps_per_second":0.795,"eval/runtime":100.6337,"eval/logps/chosen":-368.4937438964844,"train/global_step":6057,"train/epoch":3,"eval/samples_per_second":9.47,"train/logits/rejected":-8.787500381469727,"eval/rewards/accuracies":0.8387500643730164,"_runtime":23291.843780834,"train_steps_per_second":0.26,"train_loss":0.28474845239898444,"train/logps/chosen":-213.6999969482422,"_timestamp":1.749685403942958e+09,"train/rewards/chosen":-0.15664061903953552,"train/rewards/margins":15.865625381469727,"_step":617,"_wandb":{"runtime":23368},"eval/logits/rejected":-9.138280868530273,"train/grad_norm":15.043172836303711}