{"_runtime":10679.683381765,"train/loss":0.4736,"train/rewards/margins":2.697265625,"_step":1605,"train/rewards/accuracies":0.8125,"train_steps_per_second":0.15,"train/logits/rejected":-6.328125,"total_flos":0,"train/epoch":2.9953314659197012,"train/logits/chosen":-6.125,"train_runtime":10687.08,"train/logps/rejected":-169,"train/rewards/rejected":0.2255859375,"train/global_step":1605,"train/grad_norm":48.662864685058594,"train/learning_rate":1.123773937412424e-07,"train_loss":0.6308472677740352,"train/logps/chosen":-654.75,"train_samples_per_second":2.404,"train/rewards/chosen":2.9296875,"_wandb":{"runtime":10680},"_timestamp":1.7487842050388398e+09}