{"eval/logps/rejected":-174.71665954589844,"train_steps_per_second":0.215,"train/logits/rejected":-5.737500190734863,"eval/steps_per_second":0.747,"train/rewards/accuracies":0.987500011920929,"eval/loss":0.15264956653118134,"train/rewards/margins":22.4375,"train/logps/rejected":-302.3500061035156,"eval/logps/chosen":-358.48333740234375,"train/epoch":3,"train/learning_rate":4.019143851974377e-08,"_step":97,"train/logits/chosen":-5.868750095367432,"eval/rewards/accuracies":0.9525462985038757,"eval/samples_per_second":11.866,"train/loss":0.0368,"train/rewards/chosen":8.962499618530273,"_timestamp":1.749513964184426e+09,"train/logps/chosen":-810.2000122070312,"eval/logits/rejected":-6.909895896911621,"train_loss":0.16170918276789142,"train_samples_per_second":3.432,"_runtime":4268.244500121,"eval/rewards/margins":8.393619537353516,"eval/rewards/chosen":3.8479816913604736,"total_flos":0,"eval/runtime":80.3134,"train_runtime":4273.9922,"_wandb":{"runtime":4269},"eval/logits/chosen":-6.5567708015441895,"eval/rewards/rejected":-4.547265529632568,"train/global_step":918,"train/grad_norm":13.274035453796387,"train/rewards/rejected":-13.487500190734863}