{"train/logps/chosen":-226.85000610351562,"eval/runtime":80.3918,"_step":463,"eval/rewards/margins":3.4370198249816895,"eval/steps_per_second":0.746,"train_loss":0.4289804062565299,"train/logps/rejected":-175.35000610351562,"eval/logits/rejected":-7.839583396911621,"total_flos":0,"train/grad_norm":19.691884994506836,"train/rewards/accuracies":0.875,"eval/rewards/chosen":1.5216501951217651,"eval/samples_per_second":11.854,"train/loss":0.3033,"eval/logps/chosen":-362.1916809082031,"train/rewards/margins":3.7210936546325684,"_wandb":{"runtime":17775},"_timestamp":1.7497005598304582e+09,"train/global_step":4545,"eval/logps/rejected":-171.14999389648438,"train/logits/rejected":-7.384375095367432,"eval/loss":0.4076147973537445,"eval/rewards/accuracies":0.8065971732139587,"train/rewards/chosen":0.838183581829071,"_runtime":17774.744947578,"train/epoch":3,"train/learning_rate":1.000087018479775e-08,"train_samples_per_second":4.087,"train/logits/chosen":-7.881249904632568,"train_runtime":17781.6441,"train_steps_per_second":0.256,"eval/logits/chosen":-7.514583110809326,"train/rewards/rejected":-2.883593797683716,"eval/rewards/rejected":-1.9171223640441895}