{"train/logps/rejected":-587.5999755859375,"eval/runtime":132.8877,"eval/logps/chosen":-434.5833435058594,"train_runtime":20512.5991,"_step":463,"train/rewards/chosen":-5.987500190734863,"_runtime":20508.607346461,"train/logits/chosen":-13.943750381469727,"train/global_step":4545,"train/loss":0.0017,"train_samples_per_second":3.543,"total_flos":0,"train/logps/chosen":-295.3999938964844,"eval/logps/rejected":-494.0833435058594,"_wandb":{"runtime":20573},"train/rewards/margins":38.162498474121094,"train/learning_rate":4.0003480739191e-07,"train_steps_per_second":0.222,"train/rewards/rejected":-44.150001525878906,"train/logits/rejected":-13.462499618530273,"eval/rewards/accuracies":0.8665509819984436,"train/rewards/accuracies":1,"train/grad_norm":0.3203466236591339,"eval/samples_per_second":7.171,"eval/loss":0.5007104873657227,"eval/logits/rejected":-13.348958015441895,"eval/rewards/chosen":-5.688020706176758,"eval/steps_per_second":0.452,"eval/logits/chosen":-13.430208206176758,"train/epoch":3,"train_loss":0.15770478940992005,"eval/rewards/rejected":-34.204166412353516,"_timestamp":1.7497374428710525e+09,"eval/rewards/margins":28.522655487060547}