{"train/rewards/rejected":-13.453125,"eval/logps/rejected":-256.36248779296875,"eval/rewards/margins":11.645833015441895,"train_steps_per_second":0.258,"total_flos":0,"eval/steps_per_second":0.747,"train/rewards/margins":13.887499809265137,"train/grad_norm":15.521060943603516,"train/logits/chosen":-9.15625,"eval/logps/chosen":-365.5416564941406,"eval/rewards/accuracies":0.8321759700775146,"train/logps/chosen":-231.0500030517578,"train/epoch":3,"eval/loss":0.3611074984073639,"train_loss":0.30722576150275166,"eval/runtime":80.2822,"train/loss":0.1692,"eval/logits/chosen":-8.855208396911621,"_runtime":17620.576499604,"train_samples_per_second":4.125,"train/rewards/chosen":0.4310546815395355,"_step":463,"train/logps/rejected":-281,"eval/samples_per_second":11.871,"train/logits/rejected":-8.446874618530273,"eval/rewards/rejected":-10.431119918823242,"train_runtime":17620.6612,"eval/logits/rejected":-8.793229103088379,"train/global_step":4545,"_timestamp":1.7497003858664856e+09,"eval/rewards/chosen":1.2095621824264526,"train/rewards/accuracies":0.918749988079071,"train/learning_rate":4.0003480739191e-08,"_wandb":{"runtime":17621}}