{"train/rewards/chosen":-0.08305664360523224,"eval/rewards/rejected":-13.981348037719727,"train/rewards/accuracies":0.956250011920929,"train_steps_per_second":0.133,"eval/samples_per_second":6.908,"train/global_step":4542,"train_samples_per_second":2.129,"eval/rewards/accuracies":0.8385416865348816,"_step":463,"train/logits/rejected":-9.160937309265137,"train/grad_norm":10.647974967956543,"train/loss":0.1101,"eval/rewards/chosen":0.6362172365188599,"train/rewards/margins":18.464061737060547,"_runtime":34134.33985916,"train/epoch":2.998349290194784,"train/logps/rejected":-332.1499938964844,"train/logits/chosen":-9.893750190734863,"eval/steps_per_second":0.87,"train/learning_rate":4.000087191203445e-08,"total_flos":0,"train/logps/chosen":-236.2375030517578,"train/rewards/rejected":-18.556249618530273,"_wandb":{"runtime":34178},"_timestamp":1.7498001860112455e+09,"eval/logits/rejected":-9.454687118530273,"eval/runtime":137.9525,"eval/rewards/margins":14.608642578125,"train_runtime":34140.0544,"eval/logps/chosen":-371.8687438964844,"eval/logits/chosen":-9.557812690734863,"eval/logps/rejected":-291.98126220703125,"train_loss":0.26192618291685626,"eval/loss":0.3495304584503174}