{"eval/logits/chosen":-7.3458333015441895,"_timestamp":1.7494301957335572e+09,"total_flos":0,"eval/samples_per_second":11.754,"train_samples_per_second":4.36,"_runtime":4597.976711467,"eval/rewards/accuracies":0.7855323553085327,"train_runtime":4602.4411,"train_steps_per_second":0.273,"eval/loss":0.5461001992225647,"eval/rewards/rejected":-3.4921224117279053,"eval/logits/rejected":-7.565104007720947,"eval/logps/rejected":-175.44583129882812,"_step":131,"train/learning_rate":4.008075433240644e-08,"train/logits/rejected":-7.709374904632568,"eval/runtime":81.0758,"eval/rewards/chosen":0.22236327826976776,"train/rewards/margins":2.684375047683716,"train_loss":0.3925653383100232,"train/logits/chosen":-7.987500190734863,"train/logps/chosen":-80.375,"train/loss":0.2989,"eval/rewards/margins":3.7120728492736816,"train/grad_norm":59.25812530517578,"train/rewards/chosen":-0.18294677138328552,"train/logps/rejected":-103.25,"train/rewards/accuracies":0.8812500238418579,"eval/logps/chosen":-358.6166687011719,"train/epoch":3,"train/global_step":1257,"train/rewards/rejected":-2.8656249046325684,"eval/steps_per_second":0.74,"_wandb":{"runtime":4631}}