{"train_runtime":21805.5111,"eval/logps/rejected":-154.22708129882812,"eval/logps/chosen":-364.5249938964844,"train_loss":0.4186598621185857,"eval/logits/rejected":-7.342708110809326,"eval/samples_per_second":8.913,"eval/rewards/accuracies":0.8074073791503906,"eval/logits/chosen":-6.747656345367432,"train/rewards/accuracies":0.875,"eval/rewards/chosen":2.6498494148254395,"train/epoch":3,"train/learning_rate":1.000087018479775e-08,"eval/steps_per_second":0.561,"train_samples_per_second":3.333,"_timestamp":1.7496605529476194e+09,"eval/rewards/margins":3.0935425758361816,"train/logits/chosen":-7.074999809265137,"train/logps/rejected":-153.8000030517578,"train_steps_per_second":0.208,"train/global_step":4545,"train/logits/rejected":-6.921875,"train/rewards/rejected":-1.4486602544784546,"_step":463,"eval/loss":0.40348339080810547,"_wandb":{"runtime":21841},"train/rewards/chosen":1.6376953125,"total_flos":0,"eval/rewards/rejected":-0.4430989623069763,"eval/runtime":106.9221,"train/logps/chosen":-227.1999969482422,"train/rewards/margins":3.0859375,"train/grad_norm":40.201202392578125,"train/loss":0.3192,"_runtime":21800.996651065}